Wall time,Step,Value
1765252205.743762,0,5.255352973937988
1765253411.8165588,100000,7.425931453704834
1765254640.5624592,200000,9.050570487976074
1765255841.4137826,300000,9.266684532165527
1765257040.6923769,400000,5.791590213775635
1765258243.4730754,500000,12.114928245544434
1765259460.3867025,600000,10.231666564941406
1765260258.6213462,700000,11.330344200134277
1765261056.5783823,800000,6.82722806930542
1765261857.215808,900000,7.184426307678223
1765262644.9885027,1000000,6.682767868041992
1765263442.203043,1100000,11.46076774597168
1765264628.342501,1200000,15.388274192810059
1765265839.9202595,1300000,17.837976455688477
1765267036.573247,1400000,14.576770782470703
1765268325.683949,1500000,10.340697288513184
